﻿--
-- Script was generated by Devart dbForge Studio for MySQL, Version 8.0.40.0
-- Product Home Page: http://www.devart.com/dbforge/mysql/studio
-- Script date 05/02/2019 13:18:09
-- Target server version: 5.5.5-10.1.36-MariaDB
-- Target connection string: User Id=root;Host=127.0.0.1;Character Set=utf8
--



SET NAMES 'utf8';
USE practica5;
--
-- Delete data from the table 'composicion'
--
TRUNCATE TABLE composicion;
--
-- Delete data from the table 'miembro'
--
DELETE FROM miembro;
--
-- Delete data from the table 'federacion'
--
DELETE FROM federacion;

--
-- Inserting data into table federacion
--
INSERT INTO federacion(nombre, direccion, telefono) VALUES
('Smart H-Mobile ', 'United States', '674-1322'),
('Canadian 5G Wir', 'Japan', '965-5686'),
('Western Space E', 'Thailand', '867-0047'),
('Australian Part', 'Kenya', '835-7313'),
('Federal Investm', 'Lithuania', '325-5495'),
('Union Travel Gr', 'Malawi', '652-9832'),
('WorldWide Wind ', 'Spain', '741-1922'),
('Pacific Softwar', 'Ghana', '905-2189'),
('Western Data Co', 'Yemen', '212-9581'),
('International S', 'Malawi', '292-6056'),
('American Softwa', 'Cuba', '489-9788'),
('Union Mobile Gr', 'Latvia', '138-3809'),
('Home High-Techn', 'Suriname', '322-7795'),
('General O-Mobil', 'Portugal', '244-3848'),
('American Space ', 'Viet Nam', '128-6870'),
('Advanced Busine', 'Belize', '427-5327'),
('Global Space Re', 'Brazil', '527-9335'),
('Home Services I', 'Viet Nam', '416-2504'),
('American Fossil', 'Uganda', '101-8959'),
('Western Financi', 'Jordan', '432-3919'),
('United 5G Wirel', 'Mongolia', '253-7167'),
('Advanced Financ', 'Japan', '911-8600'),
('Australian Soft', 'Hungary', '617-4682'),
('Creative Space ', 'Italy', '967-5759'),
('Western Telecom', 'South Africa', '971-4477'),
('Advanced Trust ', 'Poland', '552-0587'),
('First 3D Electr', 'Argentina', '770-7858'),
('Beyond High-Tec', 'Lebanon', '871-4957'),
('First High-Tech', 'United States', '999-1984'),
('West Coast Spac', 'Bahrain', '712-0581'),
('Professional De', 'Bahrain', '447-6466'),
('North B-Mobile ', 'Peru', '245-2218'),
('Smart 5G Wirele', 'Bangladesh', '508-7897'),
('Federal Space R', 'Turkey', '063-1472'),
('General Securit', 'Colombia', '960-6846'),
('Special Space E', 'Ukraine', '411-9912'),
('General P-Mobil', 'Suriname', '572-7637'),
('Domestic Goods ', 'Italy', '693-1798'),
('International B', 'Saudi Arabia', '397-3893'),
('First Developme', 'Qatar', '749-4900'),
('Beyond Computer', 'Norway', '149-5785'),
('Beyond Space Ex', 'Jordan', '509-4364'),
('North 4G Wirele', 'Belize', '029-2091'),
('Flexible Space ', 'Hungary', '026-1092'),
('International H', 'Uruguay', '796-9435'),
('Federal Y-Mobil', 'Australia', '847-3540'),
('Union 2D Electr', 'Peru', '028-3588'),
('WorldWide Petro', 'Argentina', '792-0362'),
('Future Space Ex', 'Czech Republic', '052-0006'),
('Canadian Space ', 'Bahrain', '588-5767');

--
-- Inserting data into table miembro
--
INSERT INTO miembro(dni, nombre_m, titulacion) VALUES
(4974441, 'Kecia', 'Information Tec'),
(2532975, 'Lorraine', 'Customer Suppor'),
(7217765, 'Dawna', 'Executive'),
(9342110, 'Keeley', 'Customer Suppor'),
(8342113, 'Belinda', 'Finance'),
(6217765, 'Lorretta', 'Research and De'),
(9342111, 'Fern', 'Research and De'),
(8342114, 'Zulma', 'Human Resources'),
(1142198, 'Constance', 'Research and De'),
(7217766, 'Belkis', 'Information Tec'),
(3532976, 'Vina', 'Sales'),
(9342112, 'Keely', 'Facilities'),
(2532976, 'Marcene', 'Customer Suppor'),
(3532977, 'Simonne', 'Facilities'),
(8342115, 'Vincenza', 'Human Resources'),
(6217766, 'Sina', 'Consulting'),
(9342113, 'Nikki', 'Information Tec'),
(5974442, 'Consuela', 'Marketing'),
(4974442, 'Bell', 'Finance'),
(8342116, 'Lorri', 'Research and De'),
(5974443, 'Vinita', 'Finance'),
(4974443, 'Sindy', 'Marketing'),
(5974444, 'Marchelle', 'Marketing'),
(2532977, 'Keena', 'Executive'),
(9342114, 'Vinnie', 'Information Tec'),
(8342117, 'Siobhan', 'Manufacturing'),
(7217767, 'Viola', 'Finance'),
(3532978, 'Lorriane', 'Finance'),
(9342115, 'Dawne', 'Executive'),
(8342118, 'Sirena', 'Executive'),
(9342116, 'Nikole', 'Executive'),
(2532978, 'Keesha', 'Sales'),
(142198, 'Marci', 'Sales'),
(8342119, 'Lorrie', 'Finance'),
(6217767, 'Fernanda', 'Executive'),
(3532979, 'Keiko', 'Human Resources'),
(7217768, 'Lorrine', 'Research and De'),
(2532979, 'Nila', 'Human Resources'),
(1142199, 'Marcia', 'Sales'),
(3532980, 'Keila', 'Finance'),
(2532980, 'Dayle', 'Executive'),
(6217768, 'Violet', 'Customer Suppor'),
(7217769, 'Nilda', 'Information Tec'),
(3532981, 'Consuelo', 'Sales'),
(142199, 'Sixta', 'Customer Suppor'),
(9342117, 'Lory', 'Sales'),
(6217769, 'Violeta', 'Executive'),
(4974444, 'Slyvia', 'Information Tec'),
(8342120, 'Bella', 'Sales'),
(2532981, 'Violette', 'Sales');

--
-- Inserting data into table composicion
--
INSERT INTO composicion(nombre, dni, cargo, fecha_inicio) VALUES
('First High-Tech', 2532978, 'Sales', '1971-03-09'),
('Creative Space ', 5974444, 'Finance', '2018-01-23'),
('Advanced Trust ', 2532980, 'Research and De', '2009-07-29'),
('Canadian 5G Wir', 5974443, 'Finance', '2004-10-05'),
('Home High-Techn', 2532978, 'Manufacturing', '2004-08-23'),
('Western Data Co', 8342120, 'Research and De', '2015-05-09'),
('Professional De', 5974442, 'Human Resources', '1991-01-17'),
('Canadian Space ', 3532980, 'Customer Suppor', '1997-05-03'),
('Union Travel Gr', 7217765, 'Sales', '1970-03-05'),
('Federal Y-Mobil', 4974443, 'Sales', '1998-03-27'),
('Smart 5G Wirele', 3532978, 'Executive', '2013-04-28'),
('First Developme', 4974441, 'Sales', '1970-01-05'),
('American Fossil', 3532981, 'Customer Suppor', '1977-01-11'),
('Flexible Space ', 6217765, 'Facilities', '1970-01-01'),
('General O-Mobil', 9342116, 'Information Tec', '2010-02-20'),
('Western Telecom', 6217769, 'Information Tec', '1998-01-10'),
('Western Financi', 2532981, 'Research and De', '1978-10-16'),
('Special Space E', 6217768, 'Operations', '1972-07-30'),
('Advanced Busine', 4974444, 'Consulting', '1996-04-16'),
('Advanced Busine', 3532976, 'Sales', '1970-03-24'),
('Australian Part', 8342119, 'Research and De', '1988-06-24'),
('First High-Tech', 2532977, 'Research and De', '1990-11-12'),
('Smart 5G Wirele', 6217765, 'Information Tec', '2007-04-29'),
('International S', 8342114, 'Facilities', '1988-08-23'),
('West Coast Spac', 6217766, 'Executive', '1970-11-09'),
('Domestic Goods ', 5974442, 'Executive', '2009-09-15'),
('Federal Space R', 3532976, 'Research and De', '2008-04-28'),
('Western Data Co', 4974443, 'Consulting', '1970-03-29'),
('Home High-Techn', 3532980, 'Executive', '2003-12-01'),
('WorldWide Wind ', 2532979, 'Finance', '1970-04-08'),
('Australian Soft', 142198, 'Research and De', '1997-05-29'),
('West Coast Spac', 2532977, 'Finance', '1976-09-28'),
('Western Telecom', 8342114, 'Facilities', '2003-01-15'),
('Federal Y-Mobil', 2532975, 'Operations', '1979-11-27'),
('Beyond Computer', 8342120, 'Research and De', '2014-07-14'),
('First Developme', 142199, 'Manufacturing', '2006-03-04'),
('American Space ', 9342110, 'Finance', '1977-02-06'),
('Advanced Financ', 9342112, 'Executive', '2003-02-25'),
('Australian Part', 8342120, 'Sales', '1986-02-11'),
('Western Space E', 6217766, 'Information Tec', '1990-12-06'),
('Australian Soft', 9342112, 'Research and De', '2011-11-19'),
('First High-Tech', 8342118, 'Operations', '1973-12-22'),
('North B-Mobile ', 2532977, 'Executive', '1980-06-14'),
('Advanced Financ', 3532976, 'Executive', '2002-07-06'),
('Western Data Co', 7217768, 'Operations', '1970-05-22'),
('Federal Space R', 4974443, 'Consulting', '2000-12-16'),
('North B-Mobile ', 142199, 'Facilities', '1996-12-15'),
('Union Travel Gr', 6217765, 'Executive', '1971-01-26'),
('Advanced Financ', 9342117, 'Executive', '1984-10-11'),
('First High-Tech', 1142199, 'Information Tec', '1997-02-22');