﻿--
-- Script was generated by Devart dbForge Studio for MySQL, Version 8.0.40.0
-- Product Home Page: http://www.devart.com/dbforge/mysql/studio
-- Script date 18/03/2019 9:38:36
-- Target server version: 5.5.5-10.1.36-MariaDB
-- Target connection string: User Id=root;Host=localhost;Database=information_schema;Character Set=utf8
--



SET NAMES 'utf8';
USE atletismo;
--
-- -- Disable foreign keys
--
/*!40014 SET @OLD_FOREIGN_KEY_CHECKS=@@FOREIGN_KEY_CHECKS, FOREIGN_KEY_CHECKS=0 */;
--
-- Delete data from the table 'tiposdprueba'
--
TRUNCATE TABLE tiposdprueba;
--
-- Delete data from the table 'reunion'
--
TRUNCATE TABLE reunion;
--
-- Delete data from the table 'resultado'
--
TRUNCATE TABLE resultado;
--
-- Delete data from the table 'prueba'
--
TRUNCATE TABLE prueba;
--
-- Delete data from the table 'deportista'
--
TRUNCATE TABLE deportista;

--
-- Inserting data into table deportista
--
BEGIN;
INSERT INTO deportista(coddep, nomapedeportista, provinciadep, fechanacimientodep, dnidep, domicilio, codposdep, telefono) VALUES
(1, 'Letha Bolt', 'Port Lincoln', '1989-03-08', '54896521l', '4-7 Wandsworth Bridge Road, Bures, Ross IG69 4YH', 143447, 971440925),
(2, 'Vanita Kelleher', 'Forbes', '1997-06-17', '59842268l', '42-48 King''s Cross Road, Alnwick, Bute L6 6YT', 103594, 939686160),
(3, 'Marcos Abraham', 'Central Coast', '1990-01-04', '54896521l', '34 Westmoreland Place, St Helens, Hertfordshire HG1 7JV', 98471, 865630637),
(4, 'Miyoko Mckinney', 'Alice Springs', '1996-02-25', '59842268l', '7D Hamilton Way, Plymouth, Dumfriesshire HR1 2PZ', 169619, 903057599),
(5, 'Adolph Francisco', 'Gawler', '1988-08-02', '54896521l', '14-28 Beak Street, Cambridge, Northamptonshire IP2 7FY', 232529, 970446193);

--
-- Inserting data into table prueba
--
INSERT INTO prueba(numprueba, codreunion, codtipo, horaprueba, lugarprueba) VALUES
(2, 2, 4, '07:39:01', 'Prince Edward Island'),
(3, 3, 2, '11:03:13', 'Prince Edward Island'),
(4, 5, 2, '10:11:58', 'Alberta'),
(1, 1, 3, '11:41:35', 'Ontario'),
(5, 3, 1, '10:18:31', 'Quebec');

--
-- Inserting data into table resultado
--
INSERT INTO resultado(inscripcion, codreunion, numprueba, coddeportista, marcadep, posdep) VALUES
(63, 1, 5, 1, 'Broderick', NULL),
(53, 2, 4, 2, 'Doug', NULL),
(43, 3, 3, 3, 'Vince', NULL),
(84, 1, 1, 4, 'Salvatore', NULL),
(100, 2, 3, 5, 'Jules', NULL);

--
-- Inserting data into table reunion
--
INSERT INTO reunion(codreunion, fechareunion, lugarreunion, nombrereunion) VALUES
(1, '2019-01-02', 'Afghanistan', 'It may reveal how the functional testing seemingly the matrix of available.It may reveal how the market tendencies exceedingly the fundamental problem.'),
(2, '2019-03-11', 'Luxembourg', 'By all means, the major accomplishments, such as the flexible production planning, the individual elements, the operations research or the fundamental problem provides a foundation for the strategic management on a modern economy.  '),
(3, '2019-01-02', 'Canada', 'To be quite frank, elements of the comprehensive methods provides a strict control over the emergency planning. Therefore, the concept of the key factor can be treated as the only solution.  '),
(4, '2019-02-12', 'Botswana', 'Fortunately, final stages of the systems approach has the potential to improve or transform the sources and influences of the systolic approach. This seems to be a prudently obvious step towards the competitive development and manufacturing.  '),
(5, '2019-02-18', 'Luxembourg', 'So far, a number of brand new approaches has been tested during the the improvement of the development process . In addition, a number of the the profit may motivate developers to work out the questionable thesis.  ');

--
-- Inserting data into table tiposdprueba
--
INSERT INTO tiposdprueba(codtip, desttip) VALUES
(1, 'fourth'),
(2, 'second'),
(3, 'first'),
(4, 'third'),
(5, 'eighth');
COMMIT;
--
-- -- Enable foreign keys
--
/*!40014 SET FOREIGN_KEY_CHECKS=@OLD_FOREIGN_KEY_CHECKS */;